Date,Gold_Close,TIPS_Yield,60d_Correlation,Regime
2022-03-30,1933.5,-0.51,-0.38047093474702437,REGIME_TRANSITION
2022-03-31,1949.199951171875,-0.52,-0.4031226922913797,REGIME_TRANSITION
2022-04-01,1919.0999755859375,-0.41,-0.40621656508504245,REGIME_TRANSITION
2022-04-04,1929.199951171875,-0.38,-0.402368833622054,REGIME_TRANSITION
2022-04-05,1922.9000244140625,-0.3,-0.3908056930783115,REGIME_TRANSITION
2022-04-06,1918.4000244140625,-0.22,-0.37306444625392526,REGIME_TRANSITION
2022-04-07,1933.800048828125,-0.16,-0.34997168750353835,REGIME_TRANSITION
2022-04-08,1941.5999755859375,-0.15,-0.31790127500940046,REGIME_TRANSITION
2022-04-11,1944.300048828125,-0.12,-0.288140736539605,REGIME_TRANSITION
2022-04-12,1972.0999755859375,-0.14,-0.24243183805870339,REGIME_TRANSITION
2022-04-13,1981.0,-0.1,-0.18596845246464971,REGIME_DECOUPLED
2022-04-14,1970.9000244140625,-0.06,-0.1355728010881587,REGIME_DECOUPLED
2022-04-18,1982.9000244140625,-0.07,-0.08124656279918627,REGIME_DECOUPLED
2022-04-19,1955.699951171875,0.0,-0.051652651595231545,REGIME_DECOUPLED
2022-04-20,1952.300048828125,-0.07,-0.034843977624651926,REGIME_DECOUPLED
2022-04-21,1944.9000244140625,-0.12,-0.02536793344892479,REGIME_DECOUPLED
2022-04-22,1931.0,-0.08,-0.017060470441660255,REGIME_DECOUPLED
2022-04-25,1893.199951171875,-0.1,-0.03697543023505804,REGIME_DECOUPLED
2022-04-26,1901.4000244140625,-0.08,-0.0678942733477224,REGIME_DECOUPLED
2022-04-27,1885.9000244140625,-0.06,-0.10708373599502403,REGIME_DECOUPLED
2022-04-28,1888.699951171875,-0.12,-0.14220501785581935,REGIME_DECOUPLED
2022-04-29,1909.300048828125,0.01,-0.17214603933497127,REGIME_DECOUPLED
2022-05-02,1861.800048828125,0.18,-0.23179237176440334,REGIME_TRANSITION
2022-05-03,1868.800048828125,0.14,-0.27651577862836113,REGIME_TRANSITION
2022-05-04,1867.0,0.07,-0.31900484566218,REGIME_TRANSITION
2022-05-05,1874.0,0.18,-0.36008872906847045,REGIME_TRANSITION
2022-05-06,1881.199951171875,0.26,-0.40046776607938517,REGIME_TRANSITION
2022-05-09,1857.0999755859375,0.3,-0.45160113340523295,REGIME_TRANSITION
2022-05-10,1839.9000244140625,0.34,-0.5191950955610118,REGIME_NORMAL
2022-05-11,1852.5999755859375,0.21,-0.5586823111350577,REGIME_NORMAL
2022-05-12,1823.800048828125,0.25,-0.6030844870593627,REGIME_NORMAL
2022-05-13,1807.4000244140625,0.24,-0.6360250226083749,REGIME_NORMAL
2022-05-16,1813.5,0.2,-0.6551199242956189,REGIME_NORMAL
2022-05-17,1818.199951171875,0.27,-0.677037936021706,REGIME_NORMAL
2022-05-18,1815.9000244140625,0.17,-0.690408205726175,REGIME_NORMAL
2022-05-19,1841.199951171875,0.25,-0.7050023162283119,REGIME_NORMAL
2022-05-20,1841.800048828125,0.23,-0.7154364473092502,REGIME_NORMAL
2022-05-23,1847.800048828125,0.26,-0.7350964790715641,REGIME_NORMAL
2022-05-24,1865.0999755859375,0.21,-0.7568025323822084,REGIME_NORMAL
2022-05-25,1846.199951171875,0.19,-0.765885641949938,REGIME_NORMAL
2022-05-26,1847.4000244140625,0.13,-0.7808561747157758,REGIME_NORMAL
2022-05-27,1851.300048828125,0.11,-0.7894995190896122,REGIME_NORMAL
2022-05-31,1842.699951171875,0.21,-0.7920208063750267,REGIME_NORMAL
2022-06-01,1843.300048828125,0.29,-0.7872193180881958,REGIME_NORMAL
2022-06-02,1866.5,0.26,-0.7669207082327443,REGIME_NORMAL
2022-06-03,1845.4000244140625,0.22,-0.7590716885721942,REGIME_NORMAL
2022-06-06,1839.199951171875,0.28,-0.7475666078980885,REGIME_NORMAL
2022-06-07,1847.5,0.25,-0.7373395260635319,REGIME_NORMAL
2022-06-08,1851.9000244140625,0.28,-0.7334946208425035,REGIME_NORMAL
2022-06-09,1848.800048828125,0.29,-0.7416661186096157,REGIME_NORMAL
2022-06-10,1871.5,0.39,-0.7503113031313746,REGIME_NORMAL
2022-06-13,1828.0,0.69,-0.7557153463345548,REGIME_NORMAL
2022-06-14,1809.5,0.89,-0.7720549113509684,REGIME_NORMAL
2022-06-15,1815.300048828125,0.63,-0.7828290115728049,REGIME_NORMAL
2022-06-16,1845.699951171875,0.66,-0.7838015088952301,REGIME_NORMAL
2022-06-17,1835.5999755859375,0.67,-0.7851735035624452,REGIME_NORMAL
2022-06-21,1834.5999755859375,0.7,-0.7755690840408516,REGIME_NORMAL
2022-06-22,1834.300048828125,0.62,-0.768896440969116,REGIME_NORMAL
2022-06-23,1825.699951171875,0.59,-0.7681809959876916,REGIME_NORMAL
2022-06-24,1826.5,0.57,-0.7772147697971362,REGIME_NORMAL
2022-06-27,1820.9000244140625,0.65,-0.7796224672066421,REGIME_NORMAL
2022-06-28,1817.5,0.72,-0.7752358869238479,REGIME_NORMAL
2022-06-29,1813.699951171875,0.74,-0.7809837587732561,REGIME_NORMAL
2022-06-30,1804.0999755859375,0.65,-0.7837911503508797,REGIME_NORMAL
2022-07-01,1798.9000244140625,0.54,-0.7848322721046663,REGIME_NORMAL
2022-07-05,1761.800048828125,0.52,-0.7807209898752049,REGIME_NORMAL
2022-07-06,1734.9000244140625,0.64,-0.7781282785824668,REGIME_NORMAL
2022-07-07,1737.9000244140625,0.68,-0.7777668324049428,REGIME_NORMAL
2022-07-08,1740.5999755859375,0.72,-0.7794767417334629,REGIME_NORMAL
2022-07-11,1730.0,0.67,-0.774934115045909,REGIME_NORMAL
2022-07-12,1723.300048828125,0.64,-0.7694600186840762,REGIME_NORMAL
2022-07-13,1734.199951171875,0.6,-0.7637199540768889,REGIME_NORMAL
2022-07-14,1704.5,0.62,-0.753533770996111,REGIME_NORMAL
2022-07-15,1702.4000244140625,0.57,-0.7392105386275105,REGIME_NORMAL
2022-07-18,1709.199951171875,0.59,-0.7229910859114311,REGIME_NORMAL
2022-07-19,1710.0,0.62,-0.7055174230833646,REGIME_NORMAL
2022-07-20,1699.5,0.66,-0.6921268246090494,REGIME_NORMAL
2022-07-21,1712.699951171875,0.58,-0.6801415606045706,REGIME_NORMAL
2022-07-22,1727.0999755859375,0.43,-0.6529240335091001,REGIME_NORMAL
2022-07-25,1719.0,0.45,-0.6293037238118551,REGIME_NORMAL
2022-07-26,1717.699951171875,0.45,-0.6029037814916527,REGIME_NORMAL
2022-07-27,1719.0999755859375,0.36,-0.5578456222083868,REGIME_NORMAL
2022-07-28,1750.300048828125,0.2,-0.5214439532295356,REGIME_NORMAL
2022-07-29,1762.9000244140625,0.14,-0.4815985261303575,REGIME_TRANSITION
2022-08-01,1769.0,0.09,-0.4374110798147852,REGIME_TRANSITION
2022-08-02,1771.0999755859375,0.27,-0.4122196493465881,REGIME_TRANSITION
2022-08-03,1758.0,0.23,-0.3844976805972132,REGIME_TRANSITION
2022-08-04,1788.5,0.22,-0.3722665079251509,REGIME_TRANSITION
2022-08-05,1772.9000244140625,0.37,-0.36617059905408383,REGIME_TRANSITION
2022-08-08,1786.800048828125,0.29,-0.35069961116284704,REGIME_TRANSITION
2022-08-09,1794.0,0.33,-0.3448321349145634,REGIME_TRANSITION
2022-08-10,1795.5999755859375,0.35,-0.343144491259844,REGIME_TRANSITION
2022-08-11,1789.699951171875,0.4,-0.33949693790941354,REGIME_TRANSITION
2022-08-12,1798.5999755859375,0.37,-0.33560972620465274,REGIME_TRANSITION
2022-08-15,1781.4000244140625,0.35,-0.32869945066316325,REGIME_TRANSITION
2022-08-16,1773.199951171875,0.38,-0.3157086895086643,REGIME_TRANSITION
2022-08-17,1760.300048828125,0.43,-0.301400967240903,REGIME_TRANSITION
2022-08-18,1755.300048828125,0.36,-0.2819510871998881,REGIME_TRANSITION
2022-08-19,1747.5999755859375,0.43,-0.2560025172218751,REGIME_TRANSITION
2022-08-22,1734.0,0.46,-0.23301679379422383,REGIME_TRANSITION
2022-08-23,1746.800048828125,0.47,-0.2034830563697586,REGIME_TRANSITION
2022-08-24,1747.800048828125,0.49,-0.16706330833760735,REGIME_DECOUPLED
2022-08-25,1757.699951171875,0.43,-0.13825210645172423,REGIME_DECOUPLED
2022-08-26,1736.0999755859375,0.47,-0.11643858786989433,REGIME_DECOUPLED
2022-08-29,1736.5999755859375,0.54,-0.0851204042044478,REGIME_DECOUPLED
2022-08-30,1723.199951171875,0.56,-0.05588702458465528,REGIME_DECOUPLED
2022-08-31,1712.800048828125,0.67,-0.048898005416171376,REGIME_DECOUPLED
2022-09-01,1696.5999755859375,0.81,-0.05592288779626551,REGIME_DECOUPLED
2022-09-02,1709.800048828125,0.73,-0.04323437119051358,REGIME_DECOUPLED
2022-09-06,1700.4000244140625,0.85,-0.048790368554260534,REGIME_DECOUPLED
2022-09-07,1715.300048828125,0.82,-0.048628258384828336,REGIME_DECOUPLED
2022-09-08,1708.0,0.88,-0.11069432371419731,REGIME_DECOUPLED
2022-09-09,1716.199951171875,0.91,-0.18461581309417815,REGIME_DECOUPLED
2022-09-12,1728.0999755859375,0.95,-0.21661446501912174,REGIME_TRANSITION
2022-09-13,1705.0,0.98,-0.2825734737508984,REGIME_TRANSITION
2022-09-14,1696.5,0.95,-0.34751651537472517,REGIME_TRANSITION
2022-09-15,1665.4000244140625,1.02,-0.43827353155112,REGIME_TRANSITION
2022-09-16,1671.699951171875,1.07,-0.5074642182764156,REGIME_NORMAL
2022-09-19,1666.199951171875,1.15,-0.5684255613808148,REGIME_NORMAL
2022-09-20,1659.699951171875,1.17,-0.6251646121377162,REGIME_NORMAL
2022-09-21,1664.5999755859375,1.13,-0.6822843227917236,REGIME_NORMAL
2022-09-22,1670.800048828125,1.29,-0.7428296270174276,REGIME_NORMAL
2022-09-23,1645.300048828125,1.32,-0.8105755989517869,REGIME_NORMAL
2022-09-26,1623.300048828125,1.56,-0.8606361087071924,REGIME_NORMAL
2022-09-27,1626.699951171875,1.64,-0.8886556465440958,REGIME_NORMAL
2022-09-28,1660.4000244140625,1.39,-0.8935852525436939,REGIME_NORMAL
2022-09-29,1658.5,1.57,-0.8939090339842364,REGIME_NORMAL
2022-09-30,1662.4000244140625,1.68,-0.8904528235792217,REGIME_NORMAL
2022-10-03,1692.9000244140625,1.43,-0.8843285317781426,REGIME_NORMAL
2022-10-04,1721.0999755859375,1.38,-0.8646846193813174,REGIME_NORMAL
2022-10-05,1711.4000244140625,1.54,-0.8445624830573781,REGIME_NORMAL
2022-10-06,1711.699951171875,1.61,-0.8228578941759431,REGIME_NORMAL
2022-10-07,1700.5,1.62,-0.8141678478296208,REGIME_NORMAL
2022-10-10,1667.300048828125,1.62,-0.823658901580648,REGIME_NORMAL
2022-10-11,1678.699951171875,1.62,-0.8270138481294875,REGIME_NORMAL
2022-10-12,1670.300048828125,1.62,-0.8325635551253724,REGIME_NORMAL
2022-10-13,1670.0,1.63,-0.8396333806180741,REGIME_NORMAL
2022-10-14,1641.699951171875,1.59,-0.848805077199042,REGIME_NORMAL
2022-10-17,1657.0,1.57,-0.8553331582536053,REGIME_NORMAL
2022-10-18,1649.0,1.6,-0.8638460942118762,REGIME_NORMAL
2022-10-19,1627.5,1.72,-0.873934884097573,REGIME_NORMAL
2022-10-20,1630.800048828125,1.73,-0.8848683362597746,REGIME_NORMAL
2022-10-21,1651.0,1.69,-0.8884257698620991,REGIME_NORMAL
2022-10-24,1648.699951171875,1.66,-0.8900002486557909,REGIME_NORMAL
2022-10-25,1652.800048828125,1.59,-0.8901973059952347,REGIME_NORMAL
2022-10-26,1664.0,1.6,-0.8879760391413097,REGIME_NORMAL
2022-10-27,1660.699951171875,1.51,-0.8879487186995967,REGIME_NORMAL
2022-10-28,1639.5999755859375,1.51,-0.8837569327506617,REGIME_NORMAL
2022-10-31,1635.9000244140625,1.58,-0.8816424460194252,REGIME_NORMAL
2022-11-01,1645.0,1.56,-0.87791897413048,REGIME_NORMAL
2022-11-02,1645.699951171875,1.57,-0.8746746825940102,REGIME_NORMAL
2022-11-03,1627.300048828125,1.74,-0.8732819143359678,REGIME_NORMAL
2022-11-04,1672.5,1.69,-0.8659711916362928,REGIME_NORMAL
2022-11-07,1676.5,1.69,-0.8574673787304083,REGIME_NORMAL
2022-11-08,1712.0999755859375,1.64,-0.8292120841387818,REGIME_NORMAL
2022-11-09,1710.0999755859375,1.7,-0.7961609462760239,REGIME_NORMAL
2022-11-10,1750.300048828125,1.43,-0.7502320664486148,REGIME_NORMAL
2022-11-11,1766.0,1.43,-0.690138907201395,REGIME_NORMAL
2022-11-14,1773.5999755859375,1.51,-0.6205622388459787,REGIME_NORMAL
2022-11-15,1773.800048828125,1.45,-0.567520550562956,REGIME_NORMAL
2022-11-16,1773.0,1.38,-0.5177659217290007,REGIME_NORMAL
2022-11-17,1760.800048828125,1.49,-0.46461926017881994,REGIME_TRANSITION
2022-11-18,1751.9000244140625,1.57,-0.39833154568141727,REGIME_TRANSITION
2022-11-21,1737.4000244140625,1.52,-0.35684067718256035,REGIME_TRANSITION
2022-11-22,1738.300048828125,1.44,-0.3187638546097761,REGIME_TRANSITION
2022-11-23,1744.9000244140625,1.39,-0.29493818173651387,REGIME_TRANSITION
2022-11-25,1753.300048828125,1.36,-0.2839659026916519,REGIME_TRANSITION
2022-11-28,1740.0999755859375,1.43,-0.2838424502765149,REGIME_TRANSITION
2022-11-29,1748.4000244140625,1.5,-0.2682216074250803,REGIME_TRANSITION
2022-11-30,1746.0,1.34,-0.27600489757648383,REGIME_TRANSITION
2022-12-01,1801.0999755859375,1.17,-0.3001318273615649,REGIME_TRANSITION
2022-12-02,1795.9000244140625,1.08,-0.3439076844652951,REGIME_TRANSITION
2022-12-05,1767.4000244140625,1.21,-0.36158515032375577,REGIME_TRANSITION
2022-12-06,1769.300048828125,1.2,-0.3730905347048528,REGIME_TRANSITION
2022-12-07,1785.5,1.16,-0.41145155229412456,REGIME_TRANSITION
2022-12-08,1788.699951171875,1.2,-0.45982557929420254,REGIME_TRANSITION
2022-12-09,1798.0999755859375,1.31,-0.5206017865571939,REGIME_NORMAL
2022-12-12,1780.5,1.33,-0.572892025898413,REGIME_NORMAL
2022-12-13,1813.9000244140625,1.27,-0.6269643498089429,REGIME_NORMAL
2022-12-14,1807.5,1.3,-0.6812155012329281,REGIME_NORMAL
2022-12-15,1777.199951171875,1.28,-0.7445084937534345,REGIME_NORMAL
2022-12-16,1790.0,1.35,-0.7720592594592908,REGIME_NORMAL
2022-12-19,1787.699951171875,1.42,-0.8032489095574107,REGIME_NORMAL
2022-12-20,1815.9000244140625,1.45,-0.7954736438744477,REGIME_NORMAL
2022-12-21,1815.9000244140625,1.41,-0.7858035332334002,REGIME_NORMAL
2022-12-22,1787.0,1.48,-0.7963268557071053,REGIME_NORMAL
2022-12-23,1795.9000244140625,1.55,-0.7766955018183712,REGIME_NORMAL
2022-12-27,1814.800048828125,1.58,-0.7403009831789548,REGIME_NORMAL
2022-12-28,1807.9000244140625,1.6,-0.7158215775649968,REGIME_NORMAL
2022-12-29,1819.5,1.56,-0.6946763677246213,REGIME_NORMAL
2022-12-30,1819.699951171875,1.58,-0.6673065127685919,REGIME_NORMAL
2023-01-03,1839.699951171875,1.53,-0.6440732889943074,REGIME_NORMAL
2023-01-04,1852.800048828125,1.47,-0.6280050613946556,REGIME_NORMAL
2023-01-05,1834.800048828125,1.49,-0.6106523763866892,REGIME_NORMAL
2023-01-06,1864.199951171875,1.34,-0.6118018659151948,REGIME_NORMAL
2023-01-09,1872.699951171875,1.31,-0.6151427425252017,REGIME_NORMAL
2023-01-10,1871.5999755859375,1.37,-0.6091083402137866,REGIME_NORMAL
2023-01-11,1874.5999755859375,1.31,-0.6127086289290026,REGIME_NORMAL
2023-01-12,1895.5,1.22,-0.627180714622303,REGIME_NORMAL
2023-01-13,1918.4000244140625,1.31,-0.6249013000145452,REGIME_NORMAL
2023-01-17,1907.199951171875,1.36,-0.6028806673279317,REGIME_NORMAL
2023-01-18,1904.4000244140625,1.25,-0.5940639820021649,REGIME_NORMAL
2023-01-19,1922.0999755859375,1.19,-0.5969656447382399,REGIME_NORMAL
2023-01-20,1926.4000244140625,1.25,-0.5922625410844041,REGIME_NORMAL
2023-01-23,1927.0999755859375,1.24,-0.5943453063840456,REGIME_NORMAL
2023-01-24,1933.9000244140625,1.19,-0.6003562971348545,REGIME_NORMAL
2023-01-25,1941.199951171875,1.17,-0.617312240803376,REGIME_NORMAL
2023-01-26,1929.0999755859375,1.16,-0.6344871642608982,REGIME_NORMAL
2023-01-27,1928.5999755859375,1.19,-0.6373438851007228,REGIME_NORMAL
2023-01-30,1922.9000244140625,1.26,-0.6347021892155037,REGIME_NORMAL
2023-01-31,1929.5,1.28,-0.6268594229241621,REGIME_NORMAL
2023-02-01,1927.800048828125,1.14,-0.6045327177859127,REGIME_NORMAL
2023-02-02,1916.300048828125,1.18,-0.5868434111905035,REGIME_NORMAL
2023-02-03,1862.9000244140625,1.31,-0.5545253183733547,REGIME_NORMAL
2023-02-06,1866.199951171875,1.38,-0.5257935000107373,REGIME_NORMAL
2023-02-07,1871.699951171875,1.36,-0.48802369035206,REGIME_TRANSITION
2023-02-08,1877.4000244140625,1.29,-0.4855253031859209,REGIME_TRANSITION
2023-02-09,1866.199951171875,1.34,-0.479847615471504,REGIME_TRANSITION
2023-02-10,1862.800048828125,1.41,-0.46420229868488566,REGIME_TRANSITION
2023-02-13,1851.9000244140625,1.41,-0.4536349384760419,REGIME_TRANSITION
2023-02-14,1854.0,1.46,-0.4456573672267281,REGIME_TRANSITION
2023-02-15,1834.199951171875,1.46,-0.43072298977653506,REGIME_TRANSITION
2023-02-16,1842.0,1.49,-0.401425076209154,REGIME_TRANSITION
2023-02-17,1840.4000244140625,1.46,-0.37465029714677156,REGIME_TRANSITION
2023-02-21,1833.0,1.53,-0.36075442929373247,REGIME_TRANSITION
2023-02-22,1832.0,1.52,-0.3590356067079927,REGIME_TRANSITION
2023-02-23,1818.0,1.49,-0.36901632619488234,REGIME_TRANSITION
2023-02-24,1808.800048828125,1.57,-0.37113992745675406,REGIME_TRANSITION
2023-02-27,1817.0,1.56,-0.3575007766543113,REGIME_TRANSITION
2023-02-28,1828.9000244140625,1.49,-0.37558254837489974,REGIME_TRANSITION
2023-03-01,1837.699951171875,1.57,-0.40447274488787544,REGIME_TRANSITION
2023-03-02,1833.5,1.6,-0.4604324575782557,REGIME_TRANSITION
2023-03-03,1847.699951171875,1.45,-0.5109409859712757,REGIME_NORMAL
2023-03-06,1847.9000244140625,1.49,-0.5679154723002062,REGIME_NORMAL
2023-03-07,1813.9000244140625,1.59,-0.63798561867611,REGIME_NORMAL
2023-03-08,1812.699951171875,1.66,-0.6951357240190038,REGIME_NORMAL
2023-03-09,1829.300048828125,1.63,-0.7151613562150924,REGIME_NORMAL
2023-03-10,1862.0,1.44,-0.7453338299983139,REGIME_NORMAL
2023-03-13,1911.699951171875,1.31,-0.7727498674803774,REGIME_NORMAL
2023-03-14,1906.199951171875,1.33,-0.7982856660271982,REGIME_NORMAL
2023-03-15,1926.5999755859375,1.22,-0.8596012918208381,REGIME_NORMAL
2023-03-16,1919.0,1.34,-0.8859126176349993,REGIME_NORMAL
2023-03-17,1969.800048828125,1.29,-0.8894526794822378,REGIME_NORMAL
2023-03-20,1979.199951171875,1.33,-0.8676526962513053,REGIME_NORMAL
2023-03-21,1938.0,1.36,-0.866143221098905,REGIME_NORMAL
2023-03-22,1946.800048828125,1.2,-0.8785493341686218,REGIME_NORMAL
2023-03-23,1993.800048828125,1.19,-0.875079198166601,REGIME_NORMAL
2023-03-24,1982.0999755859375,1.16,-0.8758090884871926,REGIME_NORMAL
2023-03-27,1952.4000244140625,1.29,-0.8675096268804036,REGIME_NORMAL
2023-03-28,1972.4000244140625,1.24,-0.8619882538891541,REGIME_NORMAL
2023-03-29,1966.0999755859375,1.24,-0.857397255510209,REGIME_NORMAL
2023-03-30,1980.300048828125,1.21,-0.8560738929331297,REGIME_NORMAL
2023-03-31,1969.0,1.16,-0.8596512774533294,REGIME_NORMAL
2023-04-03,1983.9000244140625,1.14,-0.8626824598628008,REGIME_NORMAL
2023-04-04,2022.199951171875,1.1,-0.8714855471540214,REGIME_NORMAL
2023-04-05,2020.9000244140625,1.07,-0.8823453075046969,REGIME_NORMAL
2023-04-06,2011.9000244140625,1.06,-0.8893047366837661,REGIME_NORMAL
2023-04-10,1989.0999755859375,1.14,-0.8951420642646009,REGIME_NORMAL
2023-04-11,2004.800048828125,1.14,-0.9028309677099623,REGIME_NORMAL
2023-04-12,2010.9000244140625,1.14,-0.904303216529107,REGIME_NORMAL
2023-04-13,2041.300048828125,1.16,-0.8999395247011823,REGIME_NORMAL
2023-04-14,2002.199951171875,1.22,-0.899302168107398,REGIME_NORMAL
2023-04-17,1994.199951171875,1.28,-0.89588284185313,REGIME_NORMAL
2023-04-18,2007.4000244140625,1.3,-0.8848301158031655,REGIME_NORMAL
2023-04-19,1995.199951171875,1.32,-0.8756224453894612,REGIME_NORMAL
2023-04-20,2007.5999755859375,1.28,-0.8706135023278141,REGIME_NORMAL
2023-04-21,1979.5,1.29,-0.870198518491973,REGIME_NORMAL
2023-04-24,1989.0999755859375,1.24,-0.875850190973102,REGIME_NORMAL
2023-04-25,1994.0,1.15,-0.8822405161850242,REGIME_NORMAL
2023-04-26,1985.699951171875,1.18,-0.8850335443351491,REGIME_NORMAL
2023-04-27,1989.9000244140625,1.26,-0.8838992741396008,REGIME_NORMAL
2023-04-28,1990.0999755859375,1.26,-0.8920361571087893,REGIME_NORMAL
2023-05-01,1983.4000244140625,1.36,-0.892499649436273,REGIME_NORMAL
2023-05-02,2014.300048828125,1.24,-0.8981294766789732,REGIME_NORMAL
2023-05-03,2028.5999755859375,1.18,-0.9004873642948427,REGIME_NORMAL
2023-05-04,2048.0,1.18,-0.9019702611978275,REGIME_NORMAL
2023-05-05,2017.4000244140625,1.23,-0.9079773357969213,REGIME_NORMAL
2023-05-08,2026.300048828125,1.29,-0.9055578113616005,REGIME_NORMAL
2023-05-09,2036.199951171875,1.3,-0.8963137763492122,REGIME_NORMAL
2023-05-10,2030.5,1.26,-0.8937067008085864,REGIME_NORMAL
2023-05-11,2014.699951171875,1.23,-0.8920822132401379,REGIME_NORMAL
2023-05-12,2014.5,1.28,-0.8883016773722857,REGIME_NORMAL
2023-05-15,2018.0,1.31,-0.8792908454197439,REGIME_NORMAL
2023-05-16,1988.4000244140625,1.35,-0.8731491124058421,REGIME_NORMAL
2023-05-17,1980.699951171875,1.35,-0.8643425887679383,REGIME_NORMAL
2023-05-18,1956.5,1.42,-0.8540661811141725,REGIME_NORMAL
2023-05-19,1978.699951171875,1.46,-0.8367024516129938,REGIME_NORMAL
2023-05-22,1974.800048828125,1.48,-0.8099525703769849,REGIME_NORMAL
2023-05-23,1972.4000244140625,1.44,-0.7879593251674987,REGIME_NORMAL
2023-05-24,1962.800048828125,1.48,-0.7715634407141948,REGIME_NORMAL
2023-05-25,1943.0999755859375,1.58,-0.741826269935515,REGIME_NORMAL
2023-05-26,1944.0999755859375,1.57,-0.7085687758659059,REGIME_NORMAL
2023-05-30,1958.0,1.47,-0.7006172026755817,REGIME_NORMAL
2023-05-31,1963.9000244140625,1.46,-0.6853444457557265,REGIME_NORMAL
2023-06-01,1978.0,1.45,-0.6451295201213584,REGIME_NORMAL
2023-06-02,1952.4000244140625,1.51,-0.5827183125935791,REGIME_NORMAL
2023-06-05,1958.0,1.5,-0.5121613462378053,REGIME_NORMAL
2023-06-06,1965.5,1.5,-0.5031009140893413,REGIME_NORMAL
2023-06-07,1942.699951171875,1.58,-0.542113610826443,REGIME_NORMAL
2023-06-08,1963.5999755859375,1.53,-0.5681609036041283,REGIME_NORMAL
2023-06-09,1962.199951171875,1.55,-0.617181908824592,REGIME_NORMAL
2023-06-12,1955.300048828125,1.56,-0.6489999555824748,REGIME_NORMAL
2023-06-13,1944.5999755859375,1.64,-0.6694323343401203,REGIME_NORMAL
2023-06-14,1955.300048828125,1.62,-0.6770178782806391,REGIME_NORMAL
2023-06-15,1957.800048828125,1.51,-0.6935524984653144,REGIME_NORMAL
2023-06-16,1958.4000244140625,1.55,-0.7352410969933184,REGIME_NORMAL
2023-06-20,1935.5,1.52,-0.7437116222203036,REGIME_NORMAL
2023-06-21,1933.300048828125,1.51,-0.7587582037418744,REGIME_NORMAL
2023-06-22,1912.699951171875,1.56,-0.7787350908009751,REGIME_NORMAL
2023-06-23,1919.0999755859375,1.53,-0.7891929181559867,REGIME_NORMAL
2023-06-26,1923.699951171875,1.54,-0.8044301306706357,REGIME_NORMAL
2023-06-27,1914.0,1.57,-0.8152956298164117,REGIME_NORMAL
2023-06-28,1912.300048828125,1.53,-0.8332080368352257,REGIME_NORMAL
2023-06-29,1909.199951171875,1.65,-0.8528615328272708,REGIME_NORMAL
2023-06-30,1921.0999755859375,1.59,-0.8536999919044743,REGIME_NORMAL
2023-07-03,1921.699951171875,1.61,-0.8565957846573231,REGIME_NORMAL
2023-07-05,1919.5999755859375,1.69,-0.8660195464632648,REGIME_NORMAL
2023-07-06,1908.699951171875,1.78,-0.8821060401116506,REGIME_NORMAL
2023-07-07,1926.199951171875,1.79,-0.881651388598623,REGIME_NORMAL
2023-07-10,1925.0,1.76,-0.8816301624388312,REGIME_NORMAL
2023-07-11,1931.300048828125,1.75,-0.8741921486964752,REGIME_NORMAL
2023-07-12,1956.199951171875,1.6,-0.8707453699787095,REGIME_NORMAL
2023-07-13,1959.199951171875,1.52,-0.8696376007673516,REGIME_NORMAL
2023-07-14,1960.0999755859375,1.59,-0.8648892005800163,REGIME_NORMAL
2023-07-17,1952.4000244140625,1.56,-0.8634266079321349,REGIME_NORMAL
2023-07-18,1977.199951171875,1.57,-0.852817600144358,REGIME_NORMAL
2023-07-19,1977.5,1.53,-0.8509608034892407,REGIME_NORMAL
2023-07-20,1968.300048828125,1.5,-0.8521053715796574,REGIME_NORMAL
2023-07-21,1964.300048828125,1.49,-0.8591901206294728,REGIME_NORMAL
2023-07-24,1960.300048828125,1.48,-0.8703125972392527,REGIME_NORMAL
2023-07-25,1962.0999755859375,1.52,-0.872209215427416,REGIME_NORMAL
2023-07-26,1968.9000244140625,1.5,-0.8743088787378436,REGIME_NORMAL
2023-07-27,1945.4000244140625,1.64,-0.8731270026046588,REGIME_NORMAL
2023-07-28,1960.4000244140625,1.58,-0.8657576901369631,REGIME_NORMAL
2023-07-31,1970.5,1.6,-0.8478113611121946,REGIME_NORMAL
2023-08-01,1940.699951171875,1.68,-0.8271085510440648,REGIME_NORMAL
2023-08-02,1937.4000244140625,1.72,-0.8119045143140967,REGIME_NORMAL
2023-08-03,1932.0,1.83,-0.7877939848358301,REGIME_NORMAL
2023-08-04,1939.5999755859375,1.67,-0.773759745620135,REGIME_NORMAL
2023-08-07,1933.5,1.68,-0.7502064719607097,REGIME_NORMAL
2023-08-08,1924.0999755859375,1.66,-0.7227507296368663,REGIME_NORMAL
2023-08-09,1915.4000244140625,1.66,-0.6927100823735988,REGIME_NORMAL
2023-08-10,1914.4000244140625,1.76,-0.6684383981578422,REGIME_NORMAL
2023-08-11,1912.9000244140625,1.8,-0.6625029363920717,REGIME_NORMAL
2023-08-14,1910.5999755859375,1.83,-0.6628022595369439,REGIME_NORMAL
2023-08-15,1902.5,1.89,-0.6899834146606324,REGIME_NORMAL
2023-08-16,1896.0999755859375,1.96,-0.7090111143666512,REGIME_NORMAL
2023-08-17,1884.0999755859375,1.97,-0.737289165568616,REGIME_NORMAL
2023-08-18,1886.0999755859375,1.94,-0.7542475247190741,REGIME_NORMAL
2023-08-21,1893.300048828125,2.0,-0.7664695347510468,REGIME_NORMAL
2023-08-22,1896.4000244140625,1.99,-0.7783223034591852,REGIME_NORMAL
2023-08-23,1918.5,1.84,-0.7796024116236298,REGIME_NORMAL
2023-08-24,1918.199951171875,1.91,-0.7747071630552779,REGIME_NORMAL
2023-08-25,1911.0999755859375,1.92,-0.7725271484041399,REGIME_NORMAL
2023-08-28,1917.9000244140625,1.9,-0.7635010936453106,REGIME_NORMAL
2023-08-29,1936.5,1.83,-0.7523068438633819,REGIME_NORMAL
2023-08-30,1944.300048828125,1.86,-0.7288123586675378,REGIME_NORMAL
2023-08-31,1938.199951171875,1.85,-0.7107583103575739,REGIME_NORMAL
2023-09-01,1939.800048828125,1.92,-0.6893527334503518,REGIME_NORMAL
2023-09-05,1926.199951171875,1.98,-0.6723799746280678,REGIME_NORMAL
2023-09-06,1918.0999755859375,2.0,-0.6644440460557075,REGIME_NORMAL
2023-09-07,1917.5,1.95,-0.6607573000362957,REGIME_NORMAL
2023-09-08,1918.4000244140625,1.93,-0.6606988239935974,REGIME_NORMAL
2023-09-11,1923.300048828125,1.94,-0.6557076239639129,REGIME_NORMAL
2023-09-12,1911.300048828125,1.93,-0.6523448434331016,REGIME_NORMAL
2023-09-13,1909.0999755859375,1.9,-0.6502902498556958,REGIME_NORMAL
2023-09-14,1910.0,1.95,-0.6587762891889182,REGIME_NORMAL
2023-09-15,1923.699951171875,1.98,-0.6588486933658089,REGIME_NORMAL
2023-09-18,1931.5,1.96,-0.6706085658085228,REGIME_NORMAL
2023-09-19,1932.0,2.0,-0.676730683041026,REGIME_NORMAL
2023-09-20,1945.5999755859375,2.0,-0.6620837203781405,REGIME_NORMAL
2023-09-21,1919.199951171875,2.11,-0.6782191604647649,REGIME_NORMAL
2023-09-22,1925.4000244140625,2.07,-0.7014951696573549,REGIME_NORMAL
2023-09-25,1916.5999755859375,2.18,-0.713414002433723,REGIME_NORMAL
2023-09-26,1900.4000244140625,2.23,-0.7369792273519796,REGIME_NORMAL
2023-09-27,1871.5999755859375,2.27,-0.7744927342079855,REGIME_NORMAL
2023-09-28,1860.4000244140625,2.2,-0.7966166995310066,REGIME_NORMAL
2023-09-29,1848.0999755859375,2.24,-0.8163882494074893,REGIME_NORMAL
2023-10-02,1830.0,2.34,-0.8335116303124145,REGIME_NORMAL
2023-10-03,1824.5999755859375,2.45,-0.8551343891576274,REGIME_NORMAL
2023-10-04,1818.5,2.4,-0.8674251039766898,REGIME_NORMAL
2023-10-05,1816.5999755859375,2.41,-0.8758204970321104,REGIME_NORMAL
2023-10-06,1830.199951171875,2.47,-0.8845469598655559,REGIME_NORMAL
2023-10-09,1849.5,2.47,-0.887382445892207,REGIME_NORMAL
2023-10-10,1861.0,2.34,-0.8897074310003906,REGIME_NORMAL
2023-10-11,1872.800048828125,2.26,-0.8881597822540894,REGIME_NORMAL
2023-10-12,1869.300048828125,2.36,-0.8846096880733894,REGIME_NORMAL
2023-10-13,1927.4000244140625,2.29,-0.855971005135456,REGIME_NORMAL
2023-10-16,1921.0999755859375,2.33,-0.8280534101333602,REGIME_NORMAL
2023-10-17,1922.699951171875,2.42,-0.7899922373578864,REGIME_NORMAL
2023-10-18,1955.300048828125,2.47,-0.7084398081373959,REGIME_NORMAL
2023-10-19,1968.4000244140625,2.49,-0.604996486740187,REGIME_NORMAL
2023-10-20,1982.5,2.46,-0.5070965295879791,REGIME_NORMAL
2023-10-23,1976.300048828125,2.45,-0.41615951704368137,REGIME_TRANSITION
2023-10-24,1975.0,2.43,-0.327259065528039,REGIME_TRANSITION
2023-10-25,1984.0999755859375,2.52,-0.24013021272294327,REGIME_TRANSITION
2023-10-26,1987.199951171875,2.44,-0.17281412115461206,REGIME_DECOUPLED
2023-10-27,1988.5999755859375,2.42,-0.11864645323389202,REGIME_DECOUPLED
2023-10-30,1996.199951171875,2.44,-0.05416439127971971,REGIME_DECOUPLED
2023-10-31,1985.199951171875,2.46,-0.0020346621919219003,REGIME_DECOUPLED
2023-11-01,1978.800048828125,2.36,0.02824281563314564,REGIME_DECOUPLED
2023-11-02,1985.5999755859375,2.27,0.04300535623842145,REGIME_DECOUPLED
2023-11-03,1991.5,2.18,0.045503014363533274,REGIME_DECOUPLED
2023-11-06,1981.5999755859375,2.25,0.052459148675867213,REGIME_DECOUPLED
2023-11-07,1966.800048828125,2.19,0.05085782625455307,REGIME_DECOUPLED
2023-11-08,1951.5,2.15,0.0429758875896853,REGIME_DECOUPLED
2023-11-09,1964.199951171875,2.29,0.0429155367085984,REGIME_DECOUPLED
2023-11-10,1932.5999755859375,2.29,0.03288337608114303,REGIME_DECOUPLED
2023-11-13,1945.5,2.32,0.023999562317489537,REGIME_DECOUPLED
2023-11-14,1961.800048828125,2.16,0.01303847373126158,REGIME_DECOUPLED
2023-11-15,1960.0999755859375,2.22,0.005455634189090581,REGIME_DECOUPLED
2023-11-16,1983.9000244140625,2.18,-0.000251808294747176,REGIME_DECOUPLED
2023-11-17,1981.5999755859375,2.16,-0.008159915104161718,REGIME_DECOUPLED
2023-11-20,1977.699951171875,2.12,-0.023344831048995353,REGIME_DECOUPLED
2023-11-21,1999.300048828125,2.16,-0.03499133771571768,REGIME_DECOUPLED
2023-11-22,1991.4000244140625,2.16,-0.03711255492452009,REGIME_DECOUPLED
2023-11-24,2002.199951171875,2.21,-0.030517495167323976,REGIME_DECOUPLED
2023-11-27,2011.800048828125,2.18,-0.03332167809263619,REGIME_DECOUPLED
2023-11-28,2039.699951171875,2.12,-0.04996943773826211,REGIME_DECOUPLED
2023-11-29,2047.0999755859375,2.06,-0.08551045860470115,REGIME_DECOUPLED
2023-11-30,2038.0999755859375,2.14,-0.108000305694522,REGIME_DECOUPLED
2023-12-01,2071.0,2.0,-0.16516540379252334,REGIME_DECOUPLED
2023-12-04,2024.0999755859375,2.07,-0.20026625493537575,REGIME_TRANSITION
2023-12-05,2018.5,2.01,-0.23808552267634941,REGIME_TRANSITION
2023-12-06,2030.5,1.98,-0.29016822371708895,REGIME_TRANSITION
2023-12-07,2029.9000244140625,1.97,-0.34843011837098425,REGIME_TRANSITION
2023-12-08,1998.300048828125,2.02,-0.38855982128300753,REGIME_TRANSITION
2023-12-11,1978.0,2.04,-0.4130235304996236,REGIME_TRANSITION
2023-12-12,1977.800048828125,2.04,-0.4366730480143353,REGIME_TRANSITION
2023-12-13,1982.300048828125,1.88,-0.4519696842381789,REGIME_TRANSITION
2023-12-14,2030.199951171875,1.7,-0.4819821889783283,REGIME_TRANSITION
2023-12-15,2021.0999755859375,1.69,-0.501953971739291,REGIME_NORMAL
2023-12-18,2026.300048828125,1.74,-0.5257135820846645,REGIME_NORMAL
2023-12-19,2038.4000244140625,1.74,-0.5467631692820216,REGIME_NORMAL
2023-12-20,2034.5,1.67,-0.5615447302236988,REGIME_NORMAL
2023-12-21,2039.0999755859375,1.7,-0.5774632279151033,REGIME_NORMAL
2023-12-22,2057.10009765625,1.71,-0.6074461539498367,REGIME_NORMAL
2023-12-26,2058.199951171875,1.71,-0.6343785414916765,REGIME_NORMAL
2023-12-27,2081.89990234375,1.64,-0.6599856664084633,REGIME_NORMAL
2023-12-28,2073.89990234375,1.68,-0.670317103824091,REGIME_NORMAL
2023-12-29,2062.39990234375,1.72,-0.6855313691801396,REGIME_NORMAL
2024-01-02,2064.39990234375,1.74,-0.7026413116280378,REGIME_NORMAL
2024-01-03,2034.199951171875,1.71,-0.7037815956882009,REGIME_NORMAL
2024-01-04,2042.300048828125,1.77,-0.7045527558315857,REGIME_NORMAL
2024-01-05,2042.4000244140625,1.83,-0.7207251010242874,REGIME_NORMAL
2024-01-08,2026.5999755859375,1.79,-0.7451049266377172,REGIME_NORMAL
2024-01-09,2026.4000244140625,1.8,-0.7633994374204521,REGIME_NORMAL
2024-01-10,2021.699951171875,1.82,-0.7664342610104103,REGIME_NORMAL
2024-01-11,2014.300048828125,1.76,-0.7643454594422753,REGIME_NORMAL
2024-01-12,2046.699951171875,1.69,-0.764077837935922,REGIME_NORMAL
2024-01-16,2026.0,1.77,-0.7551057387950721,REGIME_NORMAL
2024-01-17,2002.5999755859375,1.8,-0.7406619596835851,REGIME_NORMAL
2024-01-18,2018.5999755859375,1.8,-0.7385489473024488,REGIME_NORMAL
2024-01-19,2026.5,1.81,-0.7353221841236152,REGIME_NORMAL
2024-01-22,2019.800048828125,1.8,-0.728863232488519,REGIME_NORMAL
2024-01-23,2023.699951171875,1.85,-0.7324397881212077,REGIME_NORMAL
2024-01-24,2013.9000244140625,1.88,-0.7337650721902348,REGIME_NORMAL
2024-01-25,2016.9000244140625,1.85,-0.7359134480413112,REGIME_NORMAL
2024-01-26,2016.800048828125,1.85,-0.7467839385045926,REGIME_NORMAL
2024-01-29,2025.199951171875,1.78,-0.7523330216351816,REGIME_NORMAL
2024-01-30,2031.5,1.8,-0.7501541895666421,REGIME_NORMAL
2024-01-31,2048.39990234375,1.73,-0.7517402531914191,REGIME_NORMAL
2024-02-01,2053.0,1.68,-0.754964938552864,REGIME_NORMAL
2024-02-02,2036.0999755859375,1.82,-0.7508780990502668,REGIME_NORMAL
2024-02-05,2025.699951171875,1.9,-0.7415301549290343,REGIME_NORMAL
2024-02-06,2034.5,1.85,-0.7350798396033847,REGIME_NORMAL
2024-02-07,2035.199951171875,1.86,-0.718328109998282,REGIME_NORMAL
2024-02-08,2032.199951171875,1.91,-0.6888837203826191,REGIME_NORMAL
2024-02-09,2023.300048828125,1.92,-0.6503455574397148,REGIME_NORMAL
2024-02-12,2018.199951171875,1.93,-0.6298573608820621,REGIME_NORMAL
2024-02-13,1992.9000244140625,2.02,-0.6021115306217543,REGIME_NORMAL
2024-02-14,1990.300048828125,1.97,-0.5813213736122749,REGIME_NORMAL
2024-02-15,2002.0999755859375,1.94,-0.5576252488715847,REGIME_NORMAL
2024-02-16,2011.5,1.97,-0.5351254838591699,REGIME_NORMAL
2024-02-20,2027.5,1.95,-0.516489200843088,REGIME_NORMAL
2024-02-21,2022.300048828125,1.98,-0.4891552454977389,REGIME_TRANSITION
2024-02-22,2019.699951171875,2.02,-0.4717064496722806,REGIME_TRANSITION
2024-02-23,2038.5999755859375,1.96,-0.4564301409618132,REGIME_TRANSITION
2024-02-26,2028.5,1.97,-0.4901065986338197,REGIME_TRANSITION
2024-02-27,2034.0,1.99,-0.5195019147306341,REGIME_NORMAL
2024-02-28,2033.0,1.94,-0.5600599357506564,REGIME_NORMAL
2024-02-29,2045.699951171875,1.92,-0.6198133848577622,REGIME_NORMAL
2024-03-01,2086.89990234375,1.87,-0.5849409055582135,REGIME_NORMAL
2024-03-04,2117.699951171875,1.88,-0.4984009499796657,REGIME_TRANSITION
2024-03-05,2133.5,1.81,-0.461700333104194,REGIME_TRANSITION
2024-03-06,2150.300048828125,1.81,-0.42484937674354833,REGIME_TRANSITION
2024-03-07,2158.0,1.81,-0.37624589118353136,REGIME_TRANSITION
2024-03-08,2178.60009765625,1.81,-0.3121819948518926,REGIME_TRANSITION
2024-03-11,2182.5,1.83,-0.242700766176838,REGIME_TRANSITION
2024-03-12,2160.39990234375,1.86,-0.2041384377712296,REGIME_TRANSITION
2024-03-13,2175.39990234375,1.89,-0.17175250502767897,REGIME_DECOUPLED
2024-03-14,2163.0,1.99,-0.11488844990173824,REGIME_DECOUPLED
2024-03-15,2157.300048828125,1.99,-0.06356270949982783,REGIME_DECOUPLED
2024-03-18,2160.699951171875,2.03,-0.001286546018919102,REGIME_DECOUPLED
2024-03-19,2156.300048828125,2.0,0.034669295170434954,REGIME_DECOUPLED
2024-03-20,2157.89990234375,1.96,0.05845462193358819,REGIME_DECOUPLED
2024-03-21,2182.39990234375,1.93,0.08291715444959294,REGIME_DECOUPLED
2024-03-22,2158.10009765625,1.87,0.08445656532969266,REGIME_DECOUPLED
2024-03-25,2174.800048828125,1.92,0.11716350839037998,REGIME_DECOUPLED
2024-03-26,2175.60009765625,1.92,0.14052769197913606,REGIME_DECOUPLED
2024-03-27,2190.60009765625,1.88,0.14136786674519272,REGIME_DECOUPLED
2024-03-28,2217.39990234375,1.88,0.1399457582321276,REGIME_DECOUPLED
2024-04-01,2236.5,1.98,0.16731727438413094,REGIME_DECOUPLED
2024-04-02,2261.0,2.0,0.20833402575556323,REGIME_DECOUPLED
2024-04-03,2294.39990234375,2.0,0.2508592715633247,REGIME_DECOUPLED
2024-04-04,2288.800048828125,1.97,0.26750850745252797,REGIME_DECOUPLED
2024-04-05,2325.699951171875,2.02,0.30586194152123597,REGIME_DECOUPLED
2024-04-08,2331.699951171875,2.04,0.3464976836869727,REGIME_DECOUPLED
2024-04-09,2343.5,2.0,0.36023446807741977,REGIME_DECOUPLED
2024-04-10,2329.60009765625,2.15,0.4209984177518633,REGIME_DECOUPLED
2024-04-11,2354.800048828125,2.16,0.4716391392859313,REGIME_DECOUPLED
2024-04-12,2356.199951171875,2.11,0.5007871273022504,REGIME_DECOUPLED
2024-04-15,2365.800048828125,2.2,0.5407175673201625,REGIME_DECOUPLED
2024-04-16,2390.800048828125,2.24,0.5819836202278017,REGIME_DECOUPLED
2024-04-17,2371.699951171875,2.2,0.6066822873518706,REGIME_DECOUPLED
2024-04-18,2382.300048828125,2.24,0.6332571736786671,REGIME_DECOUPLED
2024-04-19,2398.39990234375,2.21,0.6573950010793641,REGIME_DECOUPLED
2024-04-22,2332.199951171875,2.21,0.6671249092490479,REGIME_DECOUPLED
2024-04-23,2327.699951171875,2.2,0.6745917268172282,REGIME_DECOUPLED
2024-04-24,2324.5,2.24,0.6776640296057737,REGIME_DECOUPLED
2024-04-25,2329.800048828125,2.28,0.6803102927787863,REGIME_DECOUPLED
2024-04-26,2334.800048828125,2.24,0.6860520890372793,REGIME_DECOUPLED
2024-04-29,2345.39990234375,2.22,0.6960537974722023,REGIME_DECOUPLED
2024-04-30,2291.39990234375,2.28,0.6888881722811554,REGIME_DECOUPLED
2024-05-01,2299.89990234375,2.25,0.6887772378758222,REGIME_DECOUPLED
2024-05-02,2299.199951171875,2.21,0.6859333266087583,REGIME_DECOUPLED
2024-05-03,2299.0,2.15,0.6827052480315963,REGIME_DECOUPLED
2024-05-06,2321.60009765625,2.14,0.6830074115716015,REGIME_DECOUPLED
2024-05-07,2315.199951171875,2.15,0.6841788977280338,REGIME_DECOUPLED
2024-05-08,2313.60009765625,2.17,0.6867223743502867,REGIME_DECOUPLED
2024-05-09,2332.10009765625,2.13,0.7062027956145996,REGIME_DECOUPLED
2024-05-10,2367.300048828125,2.16,0.7192129484365208,REGIME_DECOUPLED
2024-05-13,2336.10009765625,2.15,0.7253057279793554,REGIME_DECOUPLED
2024-05-14,2353.39990234375,2.12,0.734307632594409,REGIME_DECOUPLED
2024-05-15,2388.699951171875,2.05,0.7278766280431214,REGIME_DECOUPLED
2024-05-16,2380.0,2.07,0.7324164224544591,REGIME_DECOUPLED
2024-05-17,2412.199951171875,2.1,0.748538712535417,REGIME_DECOUPLED
2024-05-20,2433.89990234375,2.11,0.7494779991110702,REGIME_DECOUPLED
2024-05-21,2421.699951171875,2.09,0.753740646909158,REGIME_DECOUPLED
2024-05-22,2389.199951171875,2.1,0.7684992021759021,REGIME_DECOUPLED
2024-05-23,2335.0,2.17,0.7795041532418766,REGIME_DECOUPLED
2024-05-24,2332.5,2.14,0.7861681097420119,REGIME_DECOUPLED
2024-05-28,2355.199951171875,2.2,0.7818985917527344,REGIME_DECOUPLED
2024-05-29,2340.300048828125,2.25,0.773867217474557,REGIME_DECOUPLED
2024-05-30,2342.89990234375,2.19,0.7617287529996204,REGIME_DECOUPLED
2024-05-31,2322.89990234375,2.16,0.7484340595036167,REGIME_DECOUPLED
2024-06-03,2346.60009765625,2.08,0.7310741875053895,REGIME_DECOUPLED
2024-06-04,2325.5,2.02,0.7130509631183071,REGIME_DECOUPLED
2024-06-05,2354.10009765625,1.99,0.6825924783808975,REGIME_DECOUPLED
2024-06-06,2370.300048828125,2.0,0.6419646033868196,REGIME_DECOUPLED
2024-06-07,2305.199951171875,2.13,0.6210534286989773,REGIME_DECOUPLED
2024-06-10,2307.699951171875,2.16,0.6111567016329813,REGIME_DECOUPLED
2024-06-11,2307.5,2.12,0.6024262762218906,REGIME_DECOUPLED
2024-06-12,2336.0,2.09,0.6033373853936448,REGIME_DECOUPLED
2024-06-13,2300.199951171875,2.03,0.599032018264042,REGIME_DECOUPLED
2024-06-14,2331.39990234375,2.03,0.5773526822778802,REGIME_DECOUPLED
2024-06-17,2312.39990234375,2.06,0.549920928192873,REGIME_DECOUPLED
2024-06-18,2330.39990234375,2.01,0.48775472703595696,REGIME_DECOUPLED
2024-06-20,2353.800048828125,2.0,0.42269424159801233,REGIME_DECOUPLED
2024-06-21,2316.39990234375,2.02,0.3614608396072458,REGIME_DECOUPLED
2024-06-24,2330.0,2.03,0.26191403551286874,REGIME_DECOUPLED
2024-06-25,2316.60009765625,2.01,0.1583346823876784,REGIME_DECOUPLED
2024-06-26,2299.199951171875,2.06,0.10269907860107658,REGIME_DECOUPLED
2024-06-27,2324.5,2.03,0.05880198421356677,REGIME_DECOUPLED
2024-06-28,2327.699951171875,2.08,0.029130763722243186,REGIME_DECOUPLED
2024-07-01,2327.60009765625,2.16,-0.024720645574940636,REGIME_DECOUPLED
2024-07-02,2323.0,2.13,-0.03612278959438437,REGIME_DECOUPLED
2024-07-03,2359.800048828125,2.09,-0.04676597859966492,REGIME_DECOUPLED
2024-07-05,2388.5,2.0,-0.08402391987603366,REGIME_DECOUPLED
2024-07-08,2355.199951171875,2.01,-0.09064203424689311,REGIME_DECOUPLED
2024-07-09,2360.10009765625,2.04,-0.10210756553199372,REGIME_DECOUPLED
2024-07-10,2372.199951171875,2.01,-0.11975851973417499,REGIME_DECOUPLED
2024-07-11,2415.0,1.95,-0.1947478275063873,REGIME_DECOUPLED
2024-07-12,2414.0,1.94,-0.28991593331704135,REGIME_TRANSITION
2024-07-15,2422.89990234375,1.96,-0.35111766621014306,REGIME_TRANSITION
2024-07-16,2462.39990234375,1.91,-0.45350130586622645,REGIME_TRANSITION
2024-07-17,2454.800048828125,1.9,-0.5421618770074418,REGIME_NORMAL
2024-07-18,2451.800048828125,1.89,-0.5817751396238035,REGIME_NORMAL
2024-07-19,2395.5,1.93,-0.5902937685540773,REGIME_NORMAL
2024-07-22,2392.0,1.96,-0.5962991786963449,REGIME_NORMAL
2024-07-23,2404.60009765625,1.96,-0.611874308288369,REGIME_NORMAL
2024-07-24,2413.300048828125,2.0,-0.6219308387917329,REGIME_NORMAL
2024-07-25,2351.89990234375,1.99,-0.6250400921556004,REGIME_NORMAL
2024-07-26,2380.0,1.93,-0.6081686301511987,REGIME_NORMAL
2024-07-29,2377.300048828125,1.92,-0.5917721849913506,REGIME_NORMAL
2024-07-30,2405.0,1.9,-0.5874225805835321,REGIME_NORMAL
2024-07-31,2426.5,1.85,-0.5992475034441471,REGIME_NORMAL
2024-08-01,2435.0,1.79,-0.6183046604527458,REGIME_NORMAL
2024-08-02,2425.699951171875,1.76,-0.6257294693580581,REGIME_NORMAL
2024-08-05,2401.699951171875,1.71,-0.6064091201172443,REGIME_NORMAL
2024-08-06,2389.10009765625,1.78,-0.5945630239645215,REGIME_NORMAL
2024-08-07,2390.5,1.85,-0.6028479551303565,REGIME_NORMAL
2024-08-08,2422.199951171875,1.87,-0.6088367340552033,REGIME_NORMAL
2024-08-09,2432.10009765625,1.84,-0.6221864798358027,REGIME_NORMAL
2024-08-12,2462.39990234375,1.79,-0.6491911794481313,REGIME_NORMAL
2024-08-13,2466.699951171875,1.76,-0.675874442279352,REGIME_NORMAL
2024-08-14,2439.39990234375,1.77,-0.707186521285704,REGIME_NORMAL
2024-08-15,2453.10009765625,1.8,-0.7531801386638,REGIME_NORMAL
2024-08-16,2498.60009765625,1.81,-0.7820075224195642,REGIME_NORMAL
2024-08-19,2501.800048828125,1.79,-0.7991148300146923,REGIME_NORMAL
2024-08-20,2511.300048828125,1.75,-0.8093656911451853,REGIME_NORMAL
2024-08-21,2508.39990234375,1.72,-0.8197636062911423,REGIME_NORMAL
2024-08-22,2478.89990234375,1.76,-0.8364964834655952,REGIME_NORMAL
2024-08-23,2508.39990234375,1.68,-0.8590168173152724,REGIME_NORMAL
2024-08-26,2517.699951171875,1.67,-0.8749508706261516,REGIME_NORMAL
2024-08-27,2516.0,1.68,-0.881674548641177,REGIME_NORMAL
2024-08-28,2501.0,1.69,-0.8866771210223147,REGIME_NORMAL
2024-08-29,2525.699951171875,1.71,-0.8910155846517488,REGIME_NORMAL
2024-08-30,2493.800048828125,1.76,-0.8931086818643464,REGIME_NORMAL
2024-09-03,2489.89990234375,1.73,-0.8957333592977756,REGIME_NORMAL
2024-09-04,2493.39990234375,1.7,-0.8948363038569384,REGIME_NORMAL
2024-09-05,2511.39990234375,1.7,-0.8949368752322131,REGIME_NORMAL
2024-09-06,2493.5,1.69,-0.8931231851589352,REGIME_NORMAL
2024-09-09,2501.800048828125,1.66,-0.8935881565211216,REGIME_NORMAL
2024-09-10,2512.300048828125,1.63,-0.8968190342650475,REGIME_NORMAL
2024-09-11,2512.10009765625,1.61,-0.8970729361527572,REGIME_NORMAL
2024-09-12,2551.199951171875,1.63,-0.8988547244804505,REGIME_NORMAL
2024-09-13,2581.300048828125,1.58,-0.9039215070363747,REGIME_NORMAL
2024-09-16,2580.39990234375,1.54,-0.9091692711488385,REGIME_NORMAL
2024-09-17,2564.300048828125,1.53,-0.9134179847520092,REGIME_NORMAL
2024-09-18,2570.699951171875,1.58,-0.9153899650960404,REGIME_NORMAL
2024-09-19,2588.0,1.56,-0.9196398624425696,REGIME_NORMAL
2024-09-20,2619.89990234375,1.58,-0.9174882913361042,REGIME_NORMAL
2024-09-23,2626.5,1.58,-0.9145084879812774,REGIME_NORMAL
2024-09-24,2651.199951171875,1.55,-0.9095225232505703,REGIME_NORMAL
2024-09-25,2659.199951171875,1.61,-0.8971498034224515,REGIME_NORMAL
2024-09-26,2669.89990234375,1.63,-0.8795965202396503,REGIME_NORMAL
2024-09-27,2644.300048828125,1.6,-0.8767762919125311,REGIME_NORMAL
2024-09-30,2636.10009765625,1.63,-0.8728003241838953,REGIME_NORMAL
2024-10-01,2667.300048828125,1.55,-0.871260402266284,REGIME_NORMAL
2024-10-02,2647.10009765625,1.58,-0.8689731923597633,REGIME_NORMAL
2024-10-03,2657.10009765625,1.64,-0.8595563958137186,REGIME_NORMAL
2024-10-04,2645.800048828125,1.75,-0.8372590279957023,REGIME_NORMAL
2024-10-07,2644.800048828125,1.76,-0.8132794312431624,REGIME_NORMAL
2024-10-08,2615.0,1.77,-0.7970412059296373,REGIME_NORMAL
2024-10-09,2606.0,1.77,-0.7865001266254268,REGIME_NORMAL
2024-10-10,2620.60009765625,1.76,-0.7728471891329711,REGIME_NORMAL
2024-10-11,2657.60009765625,1.75,-0.7522947549569065,REGIME_NORMAL
2024-10-14,2647.800048828125,1.75,-0.727109824596749,REGIME_NORMAL
2024-10-15,2661.39990234375,1.75,-0.6968769936690344,REGIME_NORMAL
2024-10-16,2674.0,1.75,-0.6646087165632244,REGIME_NORMAL
2024-10-17,2691.0,1.79,-0.6179587886127574,REGIME_NORMAL
2024-10-18,2713.699951171875,1.77,-0.5481031697550695,REGIME_NORMAL
2024-10-21,2723.10009765625,1.88,-0.4353964743356693,REGIME_TRANSITION
2024-10-22,2744.199951171875,1.87,-0.3171261934685926,REGIME_TRANSITION
2024-10-23,2714.39990234375,1.93,-0.19888931219260028,REGIME_DECOUPLED
2024-10-24,2734.89990234375,1.91,-0.10030975019102974,REGIME_DECOUPLED
2024-10-25,2740.89990234375,1.96,-0.006932796106707845,REGIME_DECOUPLED
2024-10-28,2742.89990234375,1.99,0.07617517040245272,REGIME_DECOUPLED
2024-10-29,2768.39990234375,1.98,0.1428469021419853,REGIME_DECOUPLED
2024-10-30,2788.5,1.95,0.21955658039827722,REGIME_DECOUPLED
2024-10-31,2738.300048828125,1.95,0.3004080869092368,REGIME_DECOUPLED
2024-11-01,2738.60009765625,2.04,0.38510093674488405,REGIME_DECOUPLED
2024-11-04,2736.10009765625,2.03,0.45160523488898785,REGIME_DECOUPLED
2024-11-05,2740.300048828125,1.99,0.49396358760587844,REGIME_DECOUPLED
2024-11-06,2667.60009765625,2.04,0.5078821796090837,REGIME_DECOUPLED
2024-11-07,2698.39990234375,1.98,0.5384773589932559,REGIME_DECOUPLED
2024-11-08,2687.5,1.95,0.5712192891832273,REGIME_DECOUPLED
2024-11-11,2611.199951171875,1.95,0.5788445949216492,REGIME_DECOUPLED
2024-11-12,2600.0,2.08,0.5615883141547561,REGIME_DECOUPLED
2024-11-13,2580.800048828125,2.09,0.5289528055181737,REGIME_DECOUPLED
2024-11-14,2568.199951171875,2.1,0.48808669740315547,REGIME_DECOUPLED
2024-11-15,2565.699951171875,2.1,0.4575473192015026,REGIME_DECOUPLED
2024-11-18,2610.60009765625,2.08,0.4353339890994781,REGIME_DECOUPLED
2024-11-19,2627.10009765625,2.05,0.4199680127703053,REGIME_DECOUPLED
2024-11-20,2648.199951171875,2.06,0.41101093454497256,REGIME_DECOUPLED
2024-11-21,2672.10009765625,2.09,0.4088853985397345,REGIME_DECOUPLED
2024-11-22,2709.89990234375,2.07,0.41741481520091045,REGIME_DECOUPLED
2024-11-25,2616.800048828125,1.98,0.4143765565506532,REGIME_DECOUPLED
2024-11-26,2620.300048828125,2.02,0.4048166540015807,REGIME_DECOUPLED
2024-11-27,2639.89990234375,1.99,0.39566056529588073,REGIME_DECOUPLED
2024-11-29,2657.0,1.92,0.38910443258735916,REGIME_DECOUPLED
2024-12-02,2634.89990234375,1.93,0.37739941491816176,REGIME_DECOUPLED
2024-12-03,2644.699951171875,1.95,0.3594052800126943,REGIME_DECOUPLED
2024-12-04,2653.800048828125,1.9,0.33607359476043974,REGIME_DECOUPLED
2024-12-05,2626.60009765625,1.92,0.3007732164666109,REGIME_DECOUPLED
2024-12-06,2638.60009765625,1.91,0.2732998922053133,REGIME_DECOUPLED
2024-12-09,2664.89990234375,1.93,0.24796273106169786,REGIME_DECOUPLED
2024-12-10,2697.60009765625,1.93,0.21817570795168867,REGIME_DECOUPLED
2024-12-11,2733.800048828125,1.96,0.17996229249054502,REGIME_DECOUPLED
2024-12-12,2687.5,2.0,0.14127782879483072,REGIME_DECOUPLED
2024-12-13,2656.0,2.07,0.09280386656168409,REGIME_DECOUPLED
2024-12-16,2651.39990234375,2.07,0.059488401721751655,REGIME_DECOUPLED
2024-12-17,2644.39990234375,2.09,0.024182267418616538,REGIME_DECOUPLED
2024-12-18,2636.5,2.18,-0.00605582813165415,REGIME_DECOUPLED
2024-12-19,2592.199951171875,2.28,-0.06752506724801076,REGIME_DECOUPLED
2024-12-20,2628.699951171875,2.23,-0.08789094624753023,REGIME_DECOUPLED
2024-12-23,2612.300048828125,2.27,-0.13798390920886475,REGIME_DECOUPLED
2024-12-24,2620.0,2.24,-0.18375090946476036,REGIME_DECOUPLED
2024-12-26,2638.800048828125,2.23,-0.20134449003172036,REGIME_TRANSITION
2024-12-27,2617.199951171875,2.28,-0.24930786209410083,REGIME_TRANSITION
2024-12-30,2606.10009765625,2.24,-0.2879903067772836,REGIME_TRANSITION
2024-12-31,2629.199951171875,2.24,-0.31318226264783644,REGIME_TRANSITION
2025-01-02,2658.89990234375,2.23,-0.32432532234402184,REGIME_TRANSITION
2025-01-03,2645.0,2.26,-0.359008790059301,REGIME_TRANSITION
2025-01-06,2638.39990234375,2.28,-0.40487204663632914,REGIME_TRANSITION
2025-01-07,2656.699951171875,2.29,-0.4353614573781602,REGIME_TRANSITION
2025-01-08,2664.5,2.27,-0.44272930303852903,REGIME_TRANSITION
2025-01-09,2683.800048828125,2.29,-0.44600405580519864,REGIME_TRANSITION
2025-01-10,2708.5,2.34,-0.41861574291897585,REGIME_TRANSITION
2025-01-13,2673.5,2.34,-0.41046593994360037,REGIME_TRANSITION
2025-01-14,2677.5,2.34,-0.3885271129422156,REGIME_TRANSITION
2025-01-15,2712.5,2.24,-0.3478333879881391,REGIME_TRANSITION
2025-01-16,2746.39990234375,2.19,-0.3020084466134827,REGIME_TRANSITION
2025-01-17,2744.300048828125,2.2,-0.24632421419393868,REGIME_TRANSITION
2025-01-21,2755.0,2.19,-0.2059478673394087,REGIME_TRANSITION
2025-01-22,2767.60009765625,2.2,-0.151815920484596,REGIME_DECOUPLED
2025-01-23,2763.10009765625,2.23,-0.09873295928076053,REGIME_DECOUPLED
2025-01-24,2777.300048828125,2.2,-0.05458257973860939,REGIME_DECOUPLED
2025-01-27,2737.5,2.13,-0.0227732908351017,REGIME_DECOUPLED
2025-01-28,2766.800048828125,2.13,0.026889101403696297,REGIME_DECOUPLED
2025-01-29,2769.10009765625,2.15,0.06260765284894919,REGIME_DECOUPLED
2025-01-30,2823.0,2.14,0.07974494197093729,REGIME_DECOUPLED
2025-01-31,2812.5,2.16,0.10233878801543922,REGIME_DECOUPLED
2025-02-03,2833.89990234375,2.09,0.10668976970428348,REGIME_DECOUPLED
2025-02-04,2853.300048828125,2.08,0.08474093741616993,REGIME_DECOUPLED
2025-02-05,2871.60009765625,2.01,0.045261825299823866,REGIME_DECOUPLED
2025-02-06,2856.0,2.03,0.017050138355165733,REGIME_DECOUPLED
2025-02-07,2867.300048828125,2.07,-0.02230544305895591,REGIME_DECOUPLED
2025-02-10,2914.300048828125,2.07,-0.0481345190360326,REGIME_DECOUPLED
2025-02-11,2912.5,2.08,-0.06798659394107762,REGIME_DECOUPLED
2025-02-12,2909.0,2.16,-0.06038252377132509,REGIME_DECOUPLED
2025-02-13,2925.89990234375,2.08,-0.07893993344716811,REGIME_DECOUPLED
2025-02-14,2883.60009765625,2.04,-0.10504080558797874,REGIME_DECOUPLED
2025-02-18,2931.60009765625,2.1,-0.11856439610276079,REGIME_DECOUPLED
2025-02-19,2919.39990234375,2.08,-0.1340668521379391,REGIME_DECOUPLED
2025-02-20,2940.0,2.05,-0.15286737300647008,REGIME_DECOUPLED
2025-02-21,2937.60009765625,2.0,-0.1808600361477965,REGIME_DECOUPLED
2025-02-24,2947.89990234375,1.98,-0.23487468432943592,REGIME_TRANSITION
2025-02-25,2904.5,1.92,-0.28361513003278127,REGIME_TRANSITION
2025-02-26,2916.800048828125,1.89,-0.33672690195907096,REGIME_TRANSITION
2025-02-27,2883.199951171875,1.92,-0.3862258552700334,REGIME_TRANSITION
2025-02-28,2836.800048828125,1.86,-0.4319539667780868,REGIME_TRANSITION
2025-03-03,2890.199951171875,1.8,-0.4828068908971321,REGIME_TRANSITION
2025-03-04,2909.60009765625,1.87,-0.5403138823761356,REGIME_NORMAL
2025-03-05,2915.300048828125,1.94,-0.5980399359044127,REGIME_NORMAL
2025-03-06,2916.60009765625,1.95,-0.6554064230650393,REGIME_NORMAL
2025-03-07,2904.699951171875,1.99,-0.6985974060603726,REGIME_NORMAL
2025-03-10,2891.0,1.91,-0.7343455493994963,REGIME_NORMAL
2025-03-11,2912.89990234375,1.97,-0.7567988766406074,REGIME_NORMAL
2025-03-12,2939.10009765625,1.99,-0.7817491836331976,REGIME_NORMAL
2025-03-13,2984.300048828125,1.98,-0.8003017383496204,REGIME_NORMAL
2025-03-14,2994.5,2.01,-0.8159078753094349,REGIME_NORMAL
2025-03-17,3000.0,2.02,-0.8282664449220442,REGIME_NORMAL
2025-03-18,3035.10009765625,1.99,-0.830032730820669,REGIME_NORMAL
2025-03-19,3035.89990234375,1.94,-0.8297592205733989,REGIME_NORMAL
2025-03-20,3040.0,1.93,-0.8329086948301518,REGIME_NORMAL
2025-03-21,3018.199951171875,1.92,-0.8337064872988357,REGIME_NORMAL
2025-03-24,3013.10009765625,1.98,-0.8321504612988604,REGIME_NORMAL
2025-03-25,3023.699951171875,1.96,-0.8317511301638396,REGIME_NORMAL
2025-03-26,3020.89990234375,1.98,-0.8254802465378981,REGIME_NORMAL
2025-03-27,3060.199951171875,1.99,-0.8191349075146835,REGIME_NORMAL
2025-03-28,3086.5,1.9,-0.8203787973361752,REGIME_NORMAL
2025-03-31,3122.800048828125,1.85,-0.8246563291730928,REGIME_NORMAL
2025-04-01,3118.89990234375,1.84,-0.8265578194818761,REGIME_NORMAL
2025-04-02,3139.89990234375,1.88,-0.8211381728914549,REGIME_NORMAL
2025-04-03,3097.0,1.78,-0.8205102886906496,REGIME_NORMAL
2025-04-04,3012.0,1.83,-0.8131975256046861,REGIME_NORMAL
2025-04-07,2951.300048828125,1.96,-0.8024263453443996,REGIME_NORMAL
2025-04-08,2968.39990234375,2.04,-0.7882818963265597,REGIME_NORMAL
2025-04-09,3056.5,2.07,-0.7485934197303049,REGIME_NORMAL
2025-04-10,3155.199951171875,2.21,-0.620563579134997,REGIME_NORMAL
2025-04-11,3222.199951171875,2.28,-0.44048910579346895,REGIME_TRANSITION
2025-04-14,3204.800048828125,2.15,-0.3499509244167095,REGIME_TRANSITION
2025-04-15,3218.699951171875,2.16,-0.2534116735238948,REGIME_TRANSITION
2025-04-16,3326.60009765625,2.12,-0.15781978985681175,REGIME_DECOUPLED
2025-04-17,3308.699951171875,2.11,-0.07616368005778273,REGIME_DECOUPLED
2025-04-21,3406.199951171875,2.2,0.0625011248663178,REGIME_DECOUPLED
2025-04-22,3400.800048828125,2.14,0.15322959822894872,REGIME_DECOUPLED
2025-04-23,3276.300048828125,2.11,0.2111136745638386,REGIME_DECOUPLED
2025-04-24,3332.0,2.02,0.23909800184595192,REGIME_DECOUPLED
2025-04-25,3282.39990234375,2.02,0.2778975732013196,REGIME_DECOUPLED
2025-04-28,3332.5,1.98,0.2923729946674813,REGIME_DECOUPLED
2025-04-29,3318.800048828125,1.96,0.31354191284188704,REGIME_DECOUPLED
2025-04-30,3305.0,1.94,0.31175998191021215,REGIME_DECOUPLED
2025-05-01,3210.0,2.0,0.32919081947297013,REGIME_DECOUPLED
2025-05-02,3231.89990234375,2.06,0.3408109351858982,REGIME_DECOUPLED
2025-05-05,3311.300048828125,2.08,0.3624182311633936,REGIME_DECOUPLED
2025-05-06,3411.39990234375,2.04,0.38016173803040204,REGIME_DECOUPLED
2025-05-07,3381.39990234375,2.01,0.3866672527100156,REGIME_DECOUPLED
2025-05-08,3296.60009765625,2.08,0.413713899187974,REGIME_DECOUPLED
2025-05-09,3335.39990234375,2.08,0.4629048124978899,REGIME_DECOUPLED
2025-05-12,3220.0,2.16,0.4895707623453922,REGIME_DECOUPLED
2025-05-13,3240.300048828125,2.17,0.5134816279875695,REGIME_DECOUPLED
2025-05-14,3181.39990234375,2.16,0.5382240591417383,REGIME_DECOUPLED
2025-05-15,3220.699951171875,2.11,0.5643630138553495,REGIME_DECOUPLED
2025-05-16,3182.0,2.09,0.5794376089249114,REGIME_DECOUPLED
2025-05-19,3228.89990234375,2.1,0.5882385110733511,REGIME_DECOUPLED
2025-05-20,3280.300048828125,2.13,0.5969085369396172,REGIME_DECOUPLED
2025-05-21,3309.300048828125,2.23,0.6018393504870282,REGIME_DECOUPLED
2025-05-22,3292.300048828125,2.2,0.600561153216179,REGIME_DECOUPLED
2025-05-23,3363.60009765625,2.18,0.6063941821684855,REGIME_DECOUPLED
2025-05-27,3299.10009765625,2.11,0.5931206256292093,REGIME_DECOUPLED
2025-05-28,3293.60009765625,2.15,0.5757507387873162,REGIME_DECOUPLED
2025-05-29,3317.10009765625,2.11,0.5623269127061219,REGIME_DECOUPLED
2025-05-30,3288.89990234375,2.07,0.5543189792459634,REGIME_DECOUPLED
2025-06-02,3370.60009765625,2.13,0.5540181577818712,REGIME_DECOUPLED
2025-06-03,3350.199951171875,2.14,0.5633818101529882,REGIME_DECOUPLED
2025-06-04,3373.5,2.06,0.5418679340622219,REGIME_DECOUPLED
2025-06-05,3350.699951171875,2.11,0.5415954396110501,REGIME_DECOUPLED
2025-06-06,3322.699951171875,2.2,0.5494567205924886,REGIME_DECOUPLED
2025-06-09,3332.10009765625,2.18,0.5527891881817846,REGIME_DECOUPLED
2025-06-10,3320.89990234375,2.18,0.5606056120394488,REGIME_DECOUPLED
2025-06-11,3321.300048828125,2.14,0.5687005490764859,REGIME_DECOUPLED
2025-06-12,3380.89990234375,2.11,0.5658749711053481,REGIME_DECOUPLED
2025-06-13,3431.199951171875,2.13,0.5559472845959386,REGIME_DECOUPLED
2025-06-16,3396.39990234375,2.16,0.548222864305778,REGIME_DECOUPLED
2025-06-17,3386.60009765625,2.08,0.5245748639876765,REGIME_DECOUPLED
2025-06-18,3389.800048828125,2.07,0.5093908177218728,REGIME_DECOUPLED
2025-06-20,3368.10009765625,2.05,0.486957919289609,REGIME_DECOUPLED
2025-06-23,3377.699951171875,2.04,0.46540407552849555,REGIME_DECOUPLED
2025-06-24,3317.39990234375,2.01,0.44832736920831373,REGIME_DECOUPLED
2025-06-25,3327.10009765625,2.01,0.4122534913418683,REGIME_DECOUPLED
2025-06-26,3333.5,1.98,0.3679916511902057,REGIME_DECOUPLED
2025-06-27,3273.699951171875,2.0,0.3274262310438853,REGIME_DECOUPLED
2025-06-30,3294.39990234375,1.95,0.2857384423046699,REGIME_DECOUPLED
2025-07-01,3336.699951171875,1.97,0.19309037738697812,REGIME_DECOUPLED
2025-07-02,3348.0,2.0,0.04440119015298218,REGIME_DECOUPLED
2025-07-03,3331.60009765625,2.02,-0.0762502030251573,REGIME_DECOUPLED
2025-07-04,3332.5,2.02,-0.1498213172372555,REGIME_DECOUPLED
2025-07-07,3332.199951171875,2.05,-0.1912221361922751,REGIME_DECOUPLED
2025-07-08,3307.0,2.07,-0.13527841511913766,REGIME_DECOUPLED
2025-07-09,3311.60009765625,2.01,-0.07227326023823341,REGIME_DECOUPLED
2025-07-10,3317.39990234375,2.01,-0.044182888840411015,REGIME_DECOUPLED
2025-07-11,3356.0,2.06,-0.01574645529323635,REGIME_DECOUPLED
2025-07-14,3351.5,2.04,-0.022310639965499604,REGIME_DECOUPLED
2025-07-15,3329.800048828125,2.09,-0.020411849451574916,REGIME_DECOUPLED
2025-07-16,3352.5,2.05,-0.07227549124189057,REGIME_DECOUPLED
2025-07-17,3340.10009765625,2.04,-0.10133667902668565,REGIME_DECOUPLED
2025-07-18,3353.0,2.03,-0.10136158151208743,REGIME_DECOUPLED
2025-07-21,3401.89990234375,1.98,-0.12950645333929836,REGIME_DECOUPLED
2025-07-22,3439.199951171875,1.96,-0.18760856199772946,REGIME_DECOUPLED
2025-07-23,3394.10009765625,2.03,-0.19660755986809306,REGIME_DECOUPLED
2025-07-24,3371.0,1.98,-0.21797899596765222,REGIME_TRANSITION
2025-07-25,3334.0,1.96,-0.2358449170253035,REGIME_TRANSITION
2025-07-28,3309.10009765625,1.98,-0.27342227008662223,REGIME_TRANSITION
2025-07-29,3323.39990234375,1.91,-0.2704324477611029,REGIME_TRANSITION
2025-07-30,3295.800048828125,1.96,-0.24867593066485644,REGIME_TRANSITION
2025-07-31,3293.199951171875,1.98,-0.2272224972517151,REGIME_TRANSITION
2025-08-01,3347.699951171875,1.9,-0.22266807229660673,REGIME_TRANSITION
2025-08-04,3374.39990234375,1.85,-0.24643302603742973,REGIME_TRANSITION
2025-08-05,3381.89990234375,1.86,-0.27331594153135763,REGIME_TRANSITION
2025-08-06,3380.0,1.88,-0.2658663303441319,REGIME_TRANSITION
2025-08-07,3400.300048828125,1.88,-0.26752242068391635,REGIME_TRANSITION
2025-08-08,3439.10009765625,1.88,-0.2744047787955682,REGIME_TRANSITION
2025-08-11,3353.10009765625,1.87,-0.2600759810702135,REGIME_TRANSITION
2025-08-12,3348.89990234375,1.91,-0.2559346327532545,REGIME_TRANSITION
2025-08-13,3358.699951171875,1.87,-0.2457778277938176,REGIME_TRANSITION
2025-08-14,3335.199951171875,1.9,-0.21429596072227605,REGIME_TRANSITION
2025-08-15,3336.0,1.95,-0.18339651208298152,REGIME_DECOUPLED
2025-08-18,3331.699951171875,1.96,-0.13865913892743364,REGIME_DECOUPLED
2025-08-19,3313.39990234375,1.95,-0.14302216198151896,REGIME_DECOUPLED
2025-08-20,3343.39990234375,1.94,-0.12111538995711418,REGIME_DECOUPLED
2025-08-21,3336.89990234375,1.94,-0.08165006076238482,REGIME_DECOUPLED
2025-08-22,3374.39990234375,1.85,-0.08571746144425495,REGIME_DECOUPLED
2025-08-25,3373.800048828125,1.87,-0.08276421655017067,REGIME_DECOUPLED
2025-08-26,3388.60009765625,1.84,-0.12706974457281361,REGIME_DECOUPLED
2025-08-27,3404.60009765625,1.81,-0.17264263944900954,REGIME_DECOUPLED
2025-08-28,3431.800048828125,1.81,-0.2373496335504491,REGIME_TRANSITION
2025-08-29,3473.699951171875,1.82,-0.30125884880530995,REGIME_TRANSITION
2025-09-02,3549.39990234375,1.87,-0.3193700228221564,REGIME_TRANSITION
2025-09-03,3593.199951171875,1.82,-0.3738261669151673,REGIME_TRANSITION
2025-09-04,3565.800048828125,1.79,-0.4253792437414388,REGIME_TRANSITION
2025-09-05,3613.199951171875,1.73,-0.4982444688807418,REGIME_TRANSITION
2025-09-08,3638.10009765625,1.7,-0.5846572224724564,REGIME_NORMAL
2025-09-09,3643.300048828125,1.72,-0.6699929590661937,REGIME_NORMAL
2025-09-10,3643.60009765625,1.69,-0.7421109312078651,REGIME_NORMAL
2025-09-11,3636.89990234375,1.67,-0.7834924993704712,REGIME_NORMAL
2025-09-12,3649.39990234375,1.7,-0.8138290713528665,REGIME_NORMAL
2025-09-15,3682.199951171875,1.68,-0.835511262873986,REGIME_NORMAL
2025-09-16,3688.89990234375,1.67,-0.8549047219338273,REGIME_NORMAL
2025-09-17,3681.800048828125,1.68,-0.8637834408304161,REGIME_NORMAL
2025-09-18,3643.699951171875,1.73,-0.8678953725830881,REGIME_NORMAL
2025-09-19,3671.5,1.75,-0.8683854384500425,REGIME_NORMAL
2025-09-22,3740.699951171875,1.78,-0.8565263024140591,REGIME_NORMAL
2025-09-23,3780.60009765625,1.75,-0.8512077336983035,REGIME_NORMAL
2025-09-24,3732.10009765625,1.78,-0.845054784960485,REGIME_NORMAL
2025-09-25,3736.89990234375,1.8,-0.8360230283133793,REGIME_NORMAL
2025-09-26,3775.300048828125,1.82,-0.8190389689273476,REGIME_NORMAL
2025-09-29,3820.89990234375,1.8,-0.8032854450682502,REGIME_NORMAL
2025-09-30,3840.800048828125,1.8,-0.7885602349365616,REGIME_NORMAL
2025-10-01,3867.5,1.77,-0.7792593849021937,REGIME_NORMAL
2025-10-02,3839.699951171875,1.76,-0.7741686937250047,REGIME_NORMAL
2025-10-03,3880.800048828125,1.8,-0.7578093121291362,REGIME_NORMAL
2025-10-06,3948.5,1.84,-0.7288369626004596,REGIME_NORMAL
2025-10-07,3976.60009765625,1.79,-0.7140951364859366,REGIME_NORMAL
2025-10-08,4043.300048828125,1.78,-0.7009282947455079,REGIME_NORMAL
2025-10-09,3946.300048828125,1.8,-0.6909309766951662,REGIME_NORMAL
2025-10-10,3975.89990234375,1.75,-0.6906135290464785,REGIME_NORMAL
2025-10-13,4108.60009765625,1.75,-0.6856841569806127,REGIME_NORMAL
2025-10-14,4138.7001953125,1.73,-0.6876196211751995,REGIME_NORMAL
2025-10-15,4176.89990234375,1.76,-0.6803585646768313,REGIME_NORMAL
2025-10-16,4280.2001953125,1.71,-0.6903509749227813,REGIME_NORMAL
2025-10-17,4189.89990234375,1.75,-0.6849590372357468,REGIME_NORMAL
2025-10-20,4336.39990234375,1.74,-0.6739424959696374,REGIME_NORMAL
2025-10-21,4087.699951171875,1.7,-0.6762073933922885,REGIME_NORMAL
2025-10-22,4044.39990234375,1.68,-0.679630921230969,REGIME_NORMAL
2025-10-23,4125.5,1.71,-0.6770352837712693,REGIME_NORMAL
2025-10-24,4118.39990234375,1.73,-0.6700159093625908,REGIME_NORMAL
2025-10-27,4001.89990234375,1.73,-0.6660070521226567,REGIME_NORMAL
2025-10-28,3966.199951171875,1.71,-0.6675823146831167,REGIME_NORMAL
2025-10-29,3983.699951171875,1.78,-0.6595986064118654,REGIME_NORMAL
2025-10-30,4001.300048828125,1.82,-0.6394807737715321,REGIME_NORMAL
2025-10-31,3982.199951171875,1.81,-0.6226958857263358,REGIME_NORMAL
2025-11-03,4000.300048828125,1.82,-0.6030708310357915,REGIME_NORMAL
2025-11-04,3947.699951171875,1.81,-0.5867076124570129,REGIME_NORMAL
2025-11-05,3980.300048828125,1.87,-0.545660489039895,REGIME_NORMAL
2025-11-06,3979.89990234375,1.83,-0.5211748890775236,REGIME_NORMAL
2025-11-07,3999.39990234375,1.83,-0.48699680721114513,REGIME_TRANSITION
2025-11-10,4111.7998046875,1.84,-0.4281691510202933,REGIME_TRANSITION
2025-11-11,4106.7998046875,1.84,-0.35883794011944764,REGIME_TRANSITION
2025-11-12,4204.39990234375,1.81,-0.2823893368066764,REGIME_TRANSITION
2025-11-13,4186.89990234375,1.83,-0.1920906194258232,REGIME_DECOUPLED
2025-11-14,4087.60009765625,1.86,-0.08143478496061511,REGIME_DECOUPLED
2025-11-17,4068.300048828125,1.85,-0.018841169978181378,REGIME_DECOUPLED
2025-11-18,4061.300048828125,1.85,0.06042431126100369,REGIME_DECOUPLED
2025-11-19,4077.699951171875,1.86,0.12701109277607409,REGIME_DECOUPLED
2025-11-20,4056.5,1.86,0.1715640935096339,REGIME_DECOUPLED
2025-11-21,4076.699951171875,1.82,0.21122585375237504,REGIME_DECOUPLED
2025-11-24,4091.89990234375,1.81,0.25628207267501985,REGIME_DECOUPLED
2025-11-25,4139.2001953125,1.79,0.3274399764131618,REGIME_DECOUPLED
2025-11-26,4165.2001953125,1.77,0.3576524279031863,REGIME_DECOUPLED
2025-11-28,4218.2998046875,1.79,0.38082818136329305,REGIME_DECOUPLED
2025-12-01,4239.2998046875,1.85,0.3899755893990792,REGIME_DECOUPLED
2025-12-02,4186.60009765625,1.85,0.381460511302359,REGIME_DECOUPLED
2025-12-03,4199.2998046875,1.82,0.37220972035936584,REGIME_DECOUPLED
2025-12-04,4211.7998046875,1.85,0.35609814085279123,REGIME_DECOUPLED
2025-12-05,4212.89990234375,1.88,0.3329275550436503,REGIME_DECOUPLED
2025-12-08,4187.2001953125,1.91,0.31939644134497563,REGIME_DECOUPLED
2025-12-09,4206.7001953125,1.92,0.3012654197640918,REGIME_DECOUPLED
2025-12-10,4196.39990234375,1.88,0.2662533429651984,REGIME_DECOUPLED
2025-12-11,4285.5,1.89,0.2408042649628677,REGIME_DECOUPLED
2025-12-12,4300.10009765625,1.93,0.2490218370465482,REGIME_DECOUPLED
2025-12-15,4306.7001953125,1.93,0.2682687943292599,REGIME_DECOUPLED
2025-12-16,4304.5,1.92,0.29909663891297783,REGIME_DECOUPLED
2025-12-17,4347.5,1.92,0.3175670156082557,REGIME_DECOUPLED
2025-12-18,4339.5,1.88,0.3332433156264014,REGIME_DECOUPLED
2025-12-19,4361.39990234375,1.92,0.3760142325972827,REGIME_DECOUPLED
2025-12-22,4444.60009765625,1.94,0.4412355673857945,REGIME_DECOUPLED
2025-12-23,4482.7998046875,1.94,0.4882547742482419,REGIME_DECOUPLED
2025-12-24,4480.60009765625,1.91,0.5163734799362666,REGIME_DECOUPLED
2025-12-26,4529.10009765625,1.91,0.5290588946812098,REGIME_DECOUPLED
2025-12-29,4325.10009765625,1.9,0.5292106083799566,REGIME_DECOUPLED
2025-12-30,4370.10009765625,1.9,0.5442826211141322,REGIME_DECOUPLED
2025-12-31,4325.60009765625,1.93,0.5695096952844877,REGIME_DECOUPLED
2026-01-02,4314.39990234375,1.94,0.5763460750915288,REGIME_DECOUPLED
2026-01-05,4436.89990234375,1.91,0.5830082473853939,REGIME_DECOUPLED
2026-01-06,4482.2001953125,1.91,0.5934620398560003,REGIME_DECOUPLED
2026-01-07,4449.2998046875,1.88,0.5830356797387781,REGIME_DECOUPLED
2026-01-08,4449.7001953125,1.92,0.5918645469327997,REGIME_DECOUPLED
2026-01-09,4490.2998046875,1.9,0.599472829992988,REGIME_DECOUPLED
2026-01-12,4604.2998046875,1.9,0.6025057622023098,REGIME_DECOUPLED
2026-01-13,4589.2001953125,1.88,0.6280975765416326,REGIME_DECOUPLED
2026-01-14,4626.2998046875,1.86,0.6142923193896083,REGIME_DECOUPLED
2026-01-15,4616.2998046875,1.88,0.63902713926503,REGIME_DECOUPLED
2026-01-16,4588.39990234375,1.91,0.6472147888553222,REGIME_DECOUPLED
2026-01-20,4759.60009765625,1.97,0.6745693824017663,REGIME_DECOUPLED
2026-01-21,4831.7998046875,1.92,0.6852632136512379,REGIME_DECOUPLED
2026-01-22,4908.7998046875,1.95,0.7059653225225946,REGIME_DECOUPLED
2026-01-23,4976.2001953125,1.92,0.6927598924123082,REGIME_DECOUPLED
2026-01-26,5079.7001953125,1.9,0.6625521211604704,REGIME_DECOUPLED
2026-01-27,5079.89990234375,1.9,0.6301555790071448,REGIME_DECOUPLED
2026-01-28,5301.60009765625,1.9,0.5894900179645638,REGIME_DECOUPLED
2026-01-29,5318.39990234375,1.89,0.543606802522228,REGIME_DECOUPLED
2026-01-30,4713.89990234375,1.9,0.5334674764781044,REGIME_DECOUPLED
2026-02-02,4622.5,1.94,0.5220420882004198,REGIME_DECOUPLED
2026-02-03,4903.7001953125,1.92,0.5315143001552053,REGIME_DECOUPLED
2026-02-04,4920.39990234375,1.94,0.5332913656106026,REGIME_DECOUPLED
2026-02-05,4861.39990234375,1.89,0.5136443358965304,REGIME_DECOUPLED
2026-02-06,4951.2001953125,1.88,0.489668812072235,REGIME_DECOUPLED
2026-02-09,5050.89990234375,1.87,0.45327921443375985,REGIME_DECOUPLED
2026-02-10,5003.7998046875,1.84,0.39887746427986204,REGIME_DECOUPLED
2026-02-11,5071.60009765625,1.86,0.35611639372274984,REGIME_DECOUPLED
2026-02-12,4923.7001953125,1.8,0.28911220969647,REGIME_DECOUPLED
2026-02-13,5022.0,1.77,0.19182459137479563,REGIME_DECOUPLED
2026-02-17,4882.89990234375,1.79,0.1342377825534584,REGIME_DECOUPLED
2026-02-18,4986.5,1.8,0.08089936168889525,REGIME_DECOUPLED
2026-02-19,4975.89990234375,1.79,0.027974813491576902,REGIME_DECOUPLED
2026-02-20,5059.2998046875,1.8,-0.04386021965533611,REGIME_DECOUPLED
2026-02-23,5204.7001953125,1.77,-0.14422945537054763,REGIME_DECOUPLED
2026-02-24,5155.7998046875,1.78,-0.2376332606295314,REGIME_TRANSITION
2026-02-25,5206.39990234375,1.77,-0.3466991493046032,REGIME_TRANSITION
2026-02-26,5176.5,1.74,-0.43653534512205,REGIME_TRANSITION
2026-02-27,5230.5,1.72,-0.4911888628721131,REGIME_TRANSITION
2026-03-02,5294.39990234375,1.76,-0.5411456873981437,REGIME_NORMAL
2026-03-03,5107.39990234375,1.77,-0.5915786290324873,REGIME_NORMAL
2026-03-04,5120.2001953125,1.8,-0.6233759543065528,REGIME_NORMAL
2026-03-05,5065.2998046875,1.82,-0.6388337052769518,REGIME_NORMAL
2026-03-06,5146.10009765625,1.8,-0.647513937658388,REGIME_NORMAL
2026-03-09,5091.5,1.78,-0.6514221515731573,REGIME_NORMAL
2026-03-10,5229.7001953125,1.82,-0.6682549959193858,REGIME_NORMAL
2026-03-11,5167.39990234375,1.85,-0.6717381933672305,REGIME_NORMAL
